SalesID,SalesPersonID,CustomerID,ProductID,Quantity,Price,Amount,,,ProductId,Price
1,17,10482,500,500,101.24,50620,,,1,1.6
2,5,1964,306,810,1120.49,907597,,,2,0.8
3,8,12300,123,123,177.6,21845,,,3,2.4
4,1,4182,437,437,24.99,10921,,,4,0
5,14,15723,246,750,1364.5,1023375,,,5,189.6
6,14,6000,60,60,152.4,9144,,,6,380.4
7,5,17541,373,373,69.99,26106,,,7,190.8
8,20,9423,183,687,306,210222,,,8,319
9,1,1,1,10,1.6,16,,,9,0
10,11,11241,310,310,34.2,10602,,,10,192.6
11,2,3023,119,623,88,54824,,,11,193.2
12,17,14664,433,937,24.99,23416,,,12,516.8
13,20,5241,250,250,1349.6,337400,,,13,64.8
14,8,16482,56,560,75.4,42224,,,14,195
15,22,8264,369,873,63.5,55436,,,15,130.4
16,3,18700,187,187,133.34,24935,,,16,457.8
17,17,10482,500,500,101.24,50620,,,17,590.4
18,5,1964,306,810,1120.49,907597,,,18,592.2
19,8,12300,123,123,177.6,21845,,,19,0
20,1,4182,437,437,24.99,10921,,,20,397.2
21,14,15723,246,750,1364.5,1023375,,,21,531.2
22,14,6000,60,60,152.4,9144,,,22,0
23,5,17541,373,373,69.99,26106,,,23,0
24,20,9423,183,687,306,210222,,,24,0
25,1,1,1,26,1.6,42,,,25,0
26,11,11241,310,310,34.2,10602,,,26,0
27,2,3023,119,623,88,54824,,,27,415.2
28,17,14664,433,937,24.99,23416,,,28,0
29,20,5241,250,250,1349.6,337400,,,29,417.6
30,15,19482,86,590,0,0,,,30,418.8
31,6,11264,399,903,121.46,109678,,,31,350
32,10,1941,217,217,8.99,1951,,,32,561.6
33,1,13482,26,530,0,0,,,33,0
34,12,4964,336,840,348.76,292958,,,34,568
35,15,15300,153,153,0,0,,,35,142.4
36,7,7182,467,467,742.35,346677,,,36,0
37,21,18723,276,780,3399.99,2651992,,,37,0
38,21,9000,90,90,0,0,,,38,71.8
39,12,782,403,403,333.42,134368,,,39,144
40,4,12423,213,717,34.99,25088,,,40,144.4
41,7,3000,30,30,418.8,12564,,,41,144.8
42,18,14241,340,340,594.83,202242,,,42,72.6
43,9,6023,149,653,564,368292,,,43,72.8
44,1,17664,463,967,742.35,717852,,,44,73
45,4,8241,280,280,3374.99,944997,,,45,146.4
46,15,19482,86,590,0,0,,,46,440.4
47,6,11264,399,903,121.46,109678,,,47,441.6
48,10,1941,217,217,8.99,1951,,,48,73.8
49,1,13482,26,530,0,0,,,49,74
50,12,4964,336,840,348.76,292958,,,50,445.2
51,15,15300,153,153,0,0,,,51,446.4
52,7,7182,467,467,742.35,346677,,,52,596.8
53,21,18723,276,780,3399.99,2651992,,,53,448.8
54,21,9000,90,90,0,0,,,54,150
55,12,782,403,403,333.42,134368,,,55,225.6
56,4,12423,213,717,34.99,25088,,,56,75.4
57,7,3000,30,30,418.8,12564,,,57,151.2
58,18,14241,340,340,594.83,202242,,,58,151.6
59,9,6023,149,653,564,368292,,,59,152
60,1,17664,463,967,742.35,717852,,,60,152.4
61,4,8241,280,280,3374.99,944997,,,61,76.4
62,15,19482,86,590,0,0,,,62,76.6
63,6,11264,399,903,121.46,109678,,,63,76.8
64,10,1941,217,217,8.99,1951,,,64,154
65,1,13482,26,530,0,0,,,65,0
66,12,4964,336,840,348.76,292958,,,66,464.4
67,15,15300,153,153,0,0,,,67,465.6
68,7,7182,467,467,742.35,346677,,,68,0
69,21,18723,276,780,3399.99,2651992,,,69,78
70,21,9000,90,90,0,0,,,70,78.2
71,12,782,403,403,333.42,134368,,,71,156.8
72,4,12423,213,717,34.99,25088,,,72,471.6
73,7,3000,30,30,418.8,12564,,,73,472.8
74,18,14241,340,340,594.83,202242,,,74,158
75,9,6023,149,653,564,368292,,,75,475.2
76,1,17664,463,967,742.35,717852,,,76,476.4
77,4,8241,280,280,3374.99,944997,,,77,636.8
78,15,19482,86,590,0,0,,,78,79.8
79,6,11264,399,903,121.46,109678,,,79,640
80,10,1941,217,217,8.99,1951,,,80,721.8
81,8,16482,56,560,75.4,42224,,,81,723.6
82,22,8264,369,873,63.5,55436,,,82,0
83,3,18700,187,187,133.34,24935,,,83,0
84,17,10482,500,500,101.24,50620,,,84,0
85,5,1964,306,810,1120.49,907597,,,85,0
86,8,12300,123,123,177.6,21845,,,86,0
87,1,4182,437,437,24.99,10921,,,87,489.6
88,14,15723,246,750,1364.5,1023375,,,88,0
89,14,6000,60,60,152.4,9144,,,89,492
90,22,19241,390,390,1003.91,391525,,,90,0
91,10,10723,196,700,418.4,292880,,,91,0
92,13,1300,13,13,64.8,842,,,92,0
93,5,12941,327,327,594.83,194509,,,93,0
94,19,4723,136,640,548.4,350976,,,94,0
95,7,15964,446,950,80.99,76941,,,95,0
96,10,6541,263,263,1457.99,383451,,,96,500.4
97,2,18182,73,577,472.8,272806,,,97,0
98,16,9964,386,890,53.99,48051,,,98,0
99,16,241,200,200,843.2,168640,,,99,504
100,7,11782,9,513,0,0,,,100,0
101,22,3664,323,827,85.565,70762,,,101,84.4
102,2,15300,153,140,0,0,,,102,169.2
103,7,7182,467,467,742.35,346677,,,103,169.6
104,21,18723,276,780,3399.99,2651992,,,104,170
105,21,9000,90,90,0,0,,,105,85.2
106,12,782,403,403,333.42,134368,,,106,85.4
107,4,12423,213,717,34.99,25088,,,107,85.6
108,7,3000,30,30,418.8,12564,,,108,171.6
109,18,14241,340,340,594.83,202242,,,109,516
110,9,6023,149,653,564,368292,,,110,517.2
111,1,17664,463,967,742.35,717852,,,111,86.4
112,4,8241,280,280,3374.99,944997,,,112,86.6
113,15,19482,86,590,0,0,,,113,520.8
114,6,11264,399,903,121.46,109678,,,114,522
115,10,1941,217,217,8.99,1951,,,115,697.6
116,1,13482,26,530,0,0,,,116,524.4
117,12,4964,336,840,348.76,292958,,,117,175.2
118,15,15300,153,153,0,0,,,118,263.4
119,7,7182,467,467,742.35,346677,,,119,88
120,15,664,293,797,1079.99,860752,,,120,176.4
121,15,10700,107,107,85.6,9159,,,121,176.8
122,6,2482,420,420,39.14,16439,,,122,177.2
123,20,14023,229,733,337.22,247182,,,123,177.6
124,1,4700,47,47,441.6,20755,,,124,89
125,12,15941,357,357,74.99,26771,,,125,89.2
126,3,7723,166,670,389.6,261032,,,126,89.4
127,17,19264,479,983,1700.99,1672073,,,127,179.2
128,21,9941,297,297,2443.35,725675,,,128,0
129,9,1423,103,607,169.6,102947,,,129,540
130,1,12964,416,920,27.12,24950,,,130,541.2
131,3,3541,233,233,337.22,78572,,,131,0
132,18,15182,43,547,72.8,39822,,,132,90.6
133,6,6664,353,857,44.99,38556,,,133,90.8
134,9,17000,170,170,196.4,33388,,,134,182
135,1,8782,483,483,742.35,358555,,,135,547.2
136,15,664,293,797,1079.99,860752,,,136,548.4
137,15,10700,107,107,85.6,9159,,,137,183.2
138,6,2482,420,420,39.14,16439,,,138,734.4
139,20,14023,229,733,337.22,247182,,,139,552
140,1,4700,47,47,441.6,20755,,,140,829.8
141,12,15941,357,357,74.99,26771,,,141,184.8
142,3,7723,166,670,389.6,261032,,,142,0
143,17,19264,479,983,1700.99,1672073,,,143,0
144,21,9941,297,297,2443.35,725675,,,144,0
145,9,1423,103,607,169.6,102947,,,145,0
146,1,12964,416,920,27.12,24950,,,146,0
147,3,3541,233,233,337.22,78572,,,147,0
148,18,15182,43,547,72.8,39822,,,148,0
149,6,6664,353,857,44.99,38556,,,149,564
150,9,17000,170,170,196.4,33388,,,150,0
151,17,10482,500,500,101.24,50620,,,151,0
152,5,1964,306,810,1120.49,907597,,,152,567.6
153,8,12300,123,123,177.6,21845,,,153,0
154,1,4182,437,437,24.99,10921,,,154,570
155,14,15723,246,750,1364.5,1023375,,,155,666.4
156,14,6000,60,60,152.4,9144,,,156,190.8
157,5,17541,373,373,69.99,26106,,,157,573.6
158,20,14023,229,733,337.22,247182,,,158,574.8
159,1,4700,47,47,441.6,20755,,,159,0
160,12,15941,357,357,74.99,26771,,,160,577.2
161,3,7723,166,670,389.6,261032,,,161,482
162,14,18964,476,980,1214.85,1190553,,,162,483
163,17,9541,293,293,1079.99,316437,,,163,774.4
164,9,1423,103,607,169.6,102947,,,164,485
165,1,12964,416,920,27.12,24950,,,165,388.8
166,1,3241,230,230,337.22,77561,,,166,389.6
167,14,14782,39,543,144,78192,,,167,585.6
168,6,6664,353,857,44.99,38556,,,168,0
169,9,17000,170,170,196.4,33388,,,169,196
170,20,8482,480,480,1700.99,816475,,,170,196.4
171,11,264,289,793,2294.99,1819927,,,171,688.8
172,15,10700,107,107,85.6,9159,,,172,98.6
173,6,2482,420,420,39.14,16439,,,173,889.2
174,17,13723,226,730,1431.5,1044995,,,174,198
175,20,4300,43,43,72.8,3130,,,175,297.6
176,12,15941,357,357,74.99,26771,,,176,0
177,20,9423,183,687,306,210222,,,177,403.2
178,1,1,1,179,1.6,286,,,178,909
179,11,11241,310,310,34.2,10602,,,179,910.8
180,2,3023,119,623,88,54824,,,180,608.4
181,17,14664,433,937,24.99,23416,,,181,914.4
182,20,5241,250,250,1349.6,337400,,,182,203.6
183,8,16482,56,560,75.4,42224,,,183,306
184,22,8264,369,873,63.5,55436,,,184,0
185,3,18700,187,187,133.34,24935,,,185,0
186,17,10482,500,500,101.24,50620,,,186,0
187,5,1964,306,810,1120.49,907597,,,187,133.34
188,8,12300,123,123,177.6,21845,,,188,147.14
189,1,4182,437,437,24.99,10921,,,189,196.92
190,14,15723,246,750,1364.5,1023375,,,190,133.34
191,14,6000,60,60,152.4,9144,,,191,147.14
192,5,17541,373,373,69.99,26106,,,192,196.92
193,20,9423,183,687,306,210222,,,193,133.34
194,1,1,1,195,1.6,312,,,194,147.14
195,11,11241,310,310,34.2,10602,,,195,196.92
196,2,3023,119,623,88,54824,,,196,418.4
197,17,14664,433,937,24.99,23416,,,197,733.6
198,20,5241,250,250,1349.6,337400,,,198,630
199,8,16482,56,560,75.4,42224,,,199,105.2
200,22,8264,369,873,63.5,55436,,,200,843.2
201,3,18700,187,187,133.34,24935,,,201,316.8
202,17,10482,500,500,101.24,50620,,,202,846.4
203,22,3664,323,827,85.565,70762,,,203,848
204,2,14000,140,140,829.8,116172,,,204,955.8
205,13,5482,450,450,91.49,41171,,,205,851.2
206,4,17023,259,763,1457.99,1112446,,,206,213.2
207,8,7700,77,77,636.8,49034,,,207,0
208,22,19241,390,390,1003.91,391525,,,208,214
209,10,10723,196,700,418.4,292880,,,209,1222.2
210,13,1300,13,13,64.8,842,,,210,1431.5
211,18,14241,340,340,594.83,202242,,,211,1431.5
212,9,6023,149,653,564,368292,,,212,34.99
213,1,17664,463,967,742.35,717852,,,213,34.99
214,4,8241,280,280,3374.99,944997,,,214,9.5
215,15,19482,86,590,0,0,,,215,9.5
216,6,11264,399,903,121.46,109678,,,216,34.99
217,10,1941,217,217,8.99,1951,,,217,8.99
218,1,13482,26,530,0,0,,,218,49.99
219,12,4964,336,840,348.76,292958,,,219,49.99
220,15,15300,153,153,0,0,,,220,49.99
221,7,7182,467,467,742.35,346677,,,221,49.99
222,21,18723,276,780,3399.99,2651992,,,222,1431.5
223,21,9000,90,90,0,0,,,223,1431.5
224,12,782,403,403,333.42,134368,,,224,1431.5
225,4,12423,213,717,34.99,25088,,,225,1431.5
226,7,3000,30,30,418.8,12564,,,226,1431.5
227,18,14241,340,340,594.83,202242,,,227,337.22
228,9,6023,149,653,564,368292,,,228,337.22
229,1,17664,463,967,742.35,717852,,,229,337.22
230,4,8241,280,280,3374.99,944997,,,230,337.22
231,15,19482,86,590,0,0,,,231,337.22
232,6,11264,399,903,121.46,109678,,,232,337.22
233,10,1941,217,217,8.99,1951,,,233,337.22
234,1,13482,26,530,0,0,,,234,337.22
235,12,4964,336,840,348.76,292958,,,235,337.22
236,15,15300,153,153,0,0,,,236,594.83
237,7,7182,467,467,742.35,346677,,,237,594.83
238,21,18723,276,780,3399.99,2651992,,,238,594.83
239,21,9000,90,90,0,0,,,239,594.83
240,12,782,403,403,333.42,134368,,,240,594.83
241,4,12423,213,717,34.99,25088,,,241,337.22
242,7,3000,30,30,418.8,12564,,,242,337.22
243,18,14241,340,340,594.83,202242,,,243,337.22
244,9,6023,149,653,564,368292,,,244,1364.5
245,1,17664,463,967,742.35,717852,,,245,1364.5
246,4,8241,280,280,3374.99,944997,,,246,1364.5
247,15,19482,86,590,0,0,,,247,1364.5
248,6,11264,399,903,121.46,109678,,,248,1349.6
249,10,1941,217,217,8.99,1951,,,249,1349.6
250,18,15182,43,547,72.8,39822,,,250,1349.6
251,6,6664,353,857,44.99,38556,,,251,1349.6
252,9,17000,170,170,196.4,33388,,,252,1349.6
253,1,8782,483,483,742.35,358555,,,253,1364.5
254,5,1964,306,810,1120.49,907597,,,254,3578.27
255,8,12300,123,123,177.6,21845,,,255,3578.27
256,1,4182,437,437,24.99,10921,,,256,3578.27
257,14,15723,246,750,1364.5,1023375,,,257,3578.27
258,14,6000,60,60,152.4,9144,,,258,3578.27
259,22,19241,390,390,1003.91,391525,,,259,1457.99
260,10,10723,196,700,418.4,292880,,,260,1457.99
261,13,1300,13,13,64.8,842,,,261,1457.99
262,5,12941,327,327,594.83,194509,,,262,1457.99
263,19,4723,136,640,548.4,350976,,,263,1457.99
264,1,17664,463,967,742.35,717852,,,264,782.99
265,4,8241,280,280,3374.99,944997,,,265,782.99
266,15,19482,86,590,0,0,,,266,782.99
267,6,11264,399,903,121.46,109678,,,267,782.99
268,10,1941,217,217,8.99,1951,,,268,782.99
269,1,13482,26,530,0,0,,,269,782.99
270,12,4964,336,840,348.76,292958,,,270,782.99
271,15,15300,153,153,0,0,,,271,782.99
272,7,7182,467,467,742.35,346677,,,272,782.99
273,11,264,289,793,2294.99,1819927,,,273,782.99
274,15,10700,107,107,85.6,9159,,,274,782.99
275,6,2482,420,420,39.14,16439,,,275,782.99
276,17,13723,226,730,1431.5,1044995,,,276,3399.99
277,20,4300,43,43,72.8,3130,,,277,3399.99
278,12,15941,357,357,74.99,26771,,,278,3399.99
279,3,7723,166,670,389.6,261032,,,279,3399.99
280,14,18964,476,980,1214.85,1190553,,,280,3374.99
281,17,9541,293,293,1079.99,316437,,,281,3374.99
282,9,1423,103,607,169.6,102947,,,282,3374.99
283,1,12964,416,920,27.12,24950,,,283,3374.99
284,1,3241,230,230,337.22,77561,,,284,2319.99
285,14,14782,39,543,144,78192,,,285,2319.99
286,6,6664,353,857,44.99,38556,,,286,2319.99
287,9,17000,170,170,196.4,33388,,,287,2294.99
288,20,8482,480,480,1700.99,816475,,,288,2294.99
289,11,264,289,793,2294.99,1819927,,,289,2294.99
290,15,10700,107,107,85.6,9159,,,290,1079.99
291,6,2482,420,420,39.14,16439,,,291,1079.99
292,17,13723,226,730,1431.5,1044995,,,292,1079.99
293,20,4300,43,43,72.8,3130,,,293,1079.99
294,12,15941,357,357,74.99,26771,,,294,2443.35
295,3,7723,166,670,389.6,261032,,,295,2443.35
296,14,18964,476,980,1214.85,1190553,,,296,2443.35
297,17,9541,293,293,1079.99,316437,,,297,2443.35
298,9,1423,103,607,169.6,102947,,,298,2443.35
299,1,12964,416,920,27.12,24950,,,299,2443.35
300,1,3241,230,230,337.22,77561,,,300,2443.35
301,14,14782,39,543,144,78192,,,301,2443.35
302,6,6664,353,857,44.99,38556,,,302,1120.49
303,9,17000,170,170,196.4,33388,,,303,1120.49
304,21,9941,297,297,2443.35,725675,,,304,1120.49
305,9,1423,103,607,169.6,102947,,,305,1120.49
306,1,12964,416,920,27.12,24950,,,306,1120.49
307,3,3541,233,233,337.22,78572,,,307,148.22
308,14,14782,39,543,144,78192,,,308,175.49
309,13,9664,383,887,21.98,19496,,,309,229.49
310,16,241,200,200,843.2,168640,,,310,34.2
311,7,11782,9,513,0,0,,,311,102.29
312,22,3664,323,827,85.565,70762,,,312,124.73
313,2,14000,140,140,829.8,116172,,,313,44.54
314,13,5482,450,450,91.49,41171,,,314,61.92
315,4,17023,259,763,1457.99,1112446,,,315,120.27
316,8,7700,77,77,636.8,49034,,,316,44.54
317,22,19241,390,390,1003.91,391525,,,317,61.92
318,10,10723,196,700,418.4,292880,,,318,120.27
319,13,1300,13,13,64.8,842,,,319,348.76
320,5,12941,327,327,594.83,194509,,,320,60.745
321,19,4723,136,640,548.4,350976,,,321,209.025
322,7,15964,446,950,80.99,76941,,,322,300.215
323,10,6541,263,263,1457.99,383451,,,323,85.565
324,2,18182,73,577,472.8,272806,,,324,248.385
325,16,9964,386,890,53.99,48051,,,325,330.06
326,16,241,200,200,843.2,168640,,,326,218.01
327,7,11782,9,513,0,0,,,327,594.83
328,22,3664,323,827,85.565,70762,,,328,87.745
329,2,14000,140,140,829.8,116172,,,329,236.025
330,13,5482,450,450,91.49,41171,,,330,327.215
331,4,17023,259,763,1457.99,1112446,,,331,112.565
332,21,9000,90,90,0,0,,,332,275.385
333,12,782,403,403,333.42,134368,,,333,357.06
334,4,12423,213,717,34.99,25088,,,334,245.01
335,7,3000,30,30,418.8,12564,,,335,348.76
336,18,14241,340,340,594.83,202242,,,336,348.76
337,9,6023,149,653,564,368292,,,337,348.76
338,1,17664,463,967,742.35,717852,,,338,594.83
339,4,8241,280,280,3374.99,944997,,,339,594.83
340,15,19482,86,590,0,0,,,340,594.83
341,6,11264,399,903,121.46,109678,,,341,594.83
342,10,1941,217,217,8.99,1951,,,342,1431.5
343,1,13482,26,530,0,0,,,343,1431.5
344,12,4964,336,840,348.76,292958,,,344,1431.5
345,15,15300,153,153,0,0,,,345,1431.5
346,7,7182,467,467,742.35,346677,,,346,59.99
347,21,18723,276,780,3399.99,2651992,,,347,125
348,21,9000,90,90,0,0,,,348,25
349,12,782,403,403,333.42,134368,,,349,19.99
350,4,12423,213,717,34.99,25088,,,350,24.99
351,7,3000,30,30,418.8,12564,,,351,13.99
352,18,14241,340,340,594.83,202242,,,352,34.99
353,9,6023,149,653,564,368292,,,353,44.99
354,1,17664,463,967,742.35,717852,,,354,59.99
355,4,8241,280,280,3374.99,944997,,,355,59.99
356,15,19482,86,590,0,0,,,356,59.99
357,6,11264,399,903,121.46,109678,,,357,74.99
358,10,1941,217,217,8.99,1951,,,358,74.99
359,1,13482,26,530,0,0,,,359,74.99
360,12,4964,336,840,348.76,292958,,,360,89.99
361,15,15300,153,153,0,0,,,361,89.99
362,7,7182,467,467,742.35,346677,,,362,89.99
363,21,18723,276,780,3399.99,2651992,,,363,24.49
364,21,9000,90,90,0,0,,,364,24.49
365,12,782,403,403,333.42,134368,,,365,24.49
366,4,12423,213,717,34.99,25088,,,366,37.99
367,7,3000,30,30,418.8,12564,,,367,37.99
368,18,14241,340,340,594.83,202242,,,368,37.99
369,9,6023,149,653,564,368292,,,369,63.5
370,1,17664,463,967,742.35,717852,,,370,63.5
371,4,8241,280,280,3374.99,944997,,,371,63.5
372,15,19482,86,590,0,0,,,372,69.99
373,6,11264,399,903,121.46,109678,,,373,69.99
374,10,1941,217,217,8.99,1951,,,374,69.99
375,1,13482,26,530,0,0,,,375,4.99
376,12,4964,336,840,348.76,292958,,,376,9.99
377,15,15300,153,153,0,0,,,377,8.99
378,7,7182,467,467,742.35,346677,,,378,2.29
379,21,18723,276,780,3399.99,2651992,,,379,8.99
380,21,9000,90,90,0,0,,,380,8.99
381,12,782,403,403,333.42,134368,,,381,120
382,4,12423,213,717,34.99,25088,,,382,7.95
383,7,3000,30,30,418.8,12564,,,383,21.98
384,18,14241,340,340,594.83,202242,,,384,159
385,9,6023,149,653,564,368292,,,385,54.99
386,1,17664,463,967,742.35,717852,,,386,53.99
387,4,8241,280,280,3374.99,944997,,,387,53.99
388,15,19482,86,590,0,0,,,388,53.99
389,6,11264,399,903,121.46,109678,,,389,53.99
390,10,1941,217,217,8.99,1951,,,390,1003.91
391,1,13482,26,530,0,0,,,391,333.42
392,12,4964,336,840,348.76,292958,,,392,1003.91
393,15,15300,153,153,0,0,,,393,1003.91
394,7,7182,467,467,742.35,346677,,,394,1003.91
395,21,18723,276,780,3399.99,2651992,,,395,1003.91
396,21,9000,90,90,0,0,,,396,1003.91
397,12,782,403,403,333.42,134368,,,397,1003.91
398,4,12423,213,717,34.99,25088,,,398,1003.91
399,7,3000,30,30,418.8,12564,,,399,121.46
400,18,14241,340,340,594.83,202242,,,400,333.42
401,9,6023,149,653,564,368292,,,401,333.42
402,1,17664,463,967,742.35,717852,,,402,333.42
403,4,8241,280,280,3374.99,944997,,,403,333.42
404,15,19482,86,590,0,0,,,404,333.42
405,17,14664,433,937,24.99,23416,,,405,333.42
406,20,5241,250,250,1349.6,337400,,,406,333.42
407,8,16482,56,560,75.4,42224,,,407,333.42
408,22,8264,369,873,63.5,55436,,,408,333.42
409,3,18700,187,187,133.34,24935,,,409,364.09
410,17,10482,500,500,101.24,50620,,,410,364.09
411,5,1964,306,810,1120.49,907597,,,411,364.09
412,8,12300,123,123,177.6,21845,,,412,106.5
413,1,4182,437,437,24.99,10921,,,413,27.12
414,14,15723,246,750,1364.5,1023375,,,414,39.14
415,14,6000,60,60,152.4,9144,,,415,52.64
416,5,17541,373,373,69.99,26106,,,416,27.12
417,20,9423,183,687,306,210222,,,417,39.14
418,1,1,1,11,1.6,18,,,418,52.64
419,11,11241,310,310,34.2,10602,,,419,27.12
420,2,3023,119,623,88,54824,,,420,39.14
421,1,17664,463,967,742.35,717852,,,421,52.64
422,4,8241,280,280,3374.99,944997,,,422,264.05
423,9,1423,103,607,169.6,102947,,,423,264.05
424,1,12964,416,920,27.12,24950,,,424,264.05
425,1,3241,230,230,337.22,77561,,,425,264.05
426,14,14782,39,543,144,78192,,,426,4.99
427,6,6664,353,857,44.99,38556,,,427,3.99
428,9,17000,170,170,196.4,33388,,,428,4.99
429,20,8482,480,480,1700.99,816475,,,429,249.79
430,11,264,289,793,2294.99,1819927,,,430,249.79
431,15,10700,107,107,85.6,9159,,,431,249.79
432,6,2482,420,420,39.14,16439,,,432,249.79
433,17,13723,226,730,1431.5,1044995,,,433,24.99
434,20,4300,43,43,72.8,3130,,,434,29.99
435,12,15941,357,357,74.99,26771,,,435,35
436,20,9423,183,687,306,210222,,,436,21.49
437,1,1,1,11,1.6,18,,,437,24.99
438,11,11241,310,310,34.2,10602,,,438,32.6
439,2,3023,119,623,88,54824,,,439,28.99
440,17,14664,433,937,24.99,23416,,,440,40.49
441,20,5241,250,250,1349.6,337400,,,441,62.09
442,8,16482,56,560,75.4,42224,,,442,80.99
443,16,9964,386,890,53.99,48051,,,443,40.49
444,16,241,200,200,843.2,168640,,,444,62.09
445,7,11782,9,513,0,0,,,445,80.99
446,22,3664,323,827,85.565,70762,,,446,80.99
447,2,14000,140,140,829.8,116172,,,447,364.09
448,13,5482,450,450,91.49,41171,,,448,249.79
449,4,17023,259,763,1457.99,1112446,,,449,264.05
450,8,7700,77,77,636.8,49034,,,450,91.49
451,12,782,403,403,333.42,134368,,,451,46.09
452,4,12423,213,717,34.99,25088,,,452,91.57
453,7,3000,30,30,418.8,12564,,,453,106.5
454,18,14241,340,340,594.83,202242,,,454,175.49
455,9,6023,149,653,564,368292,,,455,256.49
456,1,17664,463,967,742.35,717852,,,456,404.99
457,4,8241,280,280,3374.99,944997,,,457,20.24
458,15,19482,86,590,0,0,,,458,1214.85
459,6,11264,399,903,121.46,109678,,,459,2384.07
460,10,1941,217,217,8.99,1951,,,460,2384.07
461,1,13482,26,530,0,0,,,461,2384.07
462,12,4964,336,840,348.76,292958,,,462,2384.07
463,15,15300,153,153,0,0,,,463,742.35
464,7,7182,467,467,742.35,346677,,,464,742.35
465,21,18723,276,780,3399.99,2651992,,,465,742.35
466,21,9000,90,90,0,0,,,466,742.35
467,12,782,403,403,333.42,134368,,,467,742.35
468,4,12423,213,717,34.99,25088,,,468,742.35
469,7,3000,30,30,418.8,12564,,,469,742.35
470,18,14241,340,340,594.83,202242,,,470,742.35
471,9,6023,149,653,564,368292,,,471,2384.07
472,1,17664,463,967,742.35,717852,,,472,2384.07
473,4,8241,280,280,3374.99,944997,,,473,2384.07
474,15,19482,86,590,0,0,,,474,2384.07
475,6,11264,399,903,121.46,109678,,,475,1214.85
476,10,1941,217,217,8.99,1951,,,476,1214.85
477,1,13482,26,530,0,0,,,477,1214.85
478,12,4964,336,840,348.76,292958,,,478,1700.99
479,15,15300,153,153,0,0,,,479,1700.99
480,7,7182,467,467,742.35,346677,,,480,1700.99
481,21,18723,276,780,3399.99,2651992,,,481,1700.99
482,21,9000,90,90,0,0,,,482,539.99
483,12,782,403,403,333.42,134368,,,483,742.35
484,4,12423,213,717,34.99,25088,,,484,742.35
485,7,3000,30,30,418.8,12564,,,485,769.49
486,18,14241,340,340,594.83,202242,,,486,769.49
487,9,6023,149,653,564,368292,,,487,769.49
488,1,17664,463,967,742.35,717852,,,488,769.49
489,4,8241,280,280,3374.99,944997,,,489,564.99
490,15,19482,86,590,0,0,,,490,564.99
491,6,11264,399,903,121.46,109678,,,491,564.99
492,10,1941,217,217,8.99,1951,,,492,564.99
493,1,13482,26,530,0,0,,,493,564.99
494,12,4964,336,840,348.76,292958,,,494,539.99
495,15,15300,153,153,0,0,,,495,539.99
496,1,1,1,11,1.6,18,,,496,539.99
497,13,1300,13,13,64.8,842,,,497,539.99
498,7,3000,30,30,418.8,12564,,,498,539.99
499,1,4700,47,47,441.6,20755,,,499,53.99
500,14,6000,60,60,152.4,9144,,,500,101.24
501,8,7700,77,77,636.8,49034,,,501,121.49
502,21,9000,90,90,0,0,,,502,539.99
503,15,10700,107,107,85.6,9159,,,503,539.99
504,8,12300,123,123,177.6,21845,,,504,539.99
505,2,14000,140,140,829.8,116172,,,,
506,15,15300,153,153,0,0,,,,
507,9,17000,170,170,196.4,33388,,,,
508,3,18700,187,187,133.34,24935,,,,
509,16,241,200,200,843.2,168640,,,,
510,10,1941,217,217,8.99,1951,,,,
511,10,6541,263,263,1457.99,383451,,,,
512,4,8241,280,280,3374.99,944997,,,,
513,21,9941,297,297,2443.35,725675,,,,
514,11,11241,310,310,34.2,10602,,,,
515,5,12941,327,327,594.83,194509,,,,
516,18,14241,340,340,594.83,202242,,,,
517,12,15941,357,357,74.99,26771,,,,
518,5,17541,373,373,69.99,26106,,,,
519,22,19241,390,390,1003.91,391525,,,,
520,12,782,403,403,333.42,134368,,,,
521,6,2482,420,420,39.14,16439,,,,
522,1,4182,437,437,24.99,10921,,,,
523,13,5482,450,450,91.49,41171,,,,
524,7,7182,467,467,742.35,346677,,,,
525,1,8782,483,483,742.35,358555,,,,
526,17,10482,500,500,101.24,50620,,,,
527,7,11782,9,513,0,0,,,,
528,1,13482,26,530,0,0,,,,
529,18,15182,43,547,72.8,39822,,,,
530,8,16482,56,560,75.4,42224,,,,
531,2,18182,73,577,472.8,272806,,,,
532,15,19482,86,590,0,0,,,,
533,9,1423,103,607,169.6,102947,,,,
534,2,3023,119,623,88,54824,,,,
535,19,4723,136,640,548.4,350976,,,,
536,9,6023,149,653,564,368292,,,,
537,3,7723,166,670,389.6,261032,,,,
538,20,9423,183,687,306,210222,,,,
539,10,10723,196,700,418.4,292880,,,,
540,4,12423,213,717,34.99,25088,,,,
541,20,14023,229,733,337.22,247182,,,,
542,14,15723,246,750,1364.5,1023375,,,,
543,4,17023,259,763,1457.99,1112446,,,,
544,21,18723,276,780,3399.99,2651992,,,,
545,15,664,293,797,1079.99,860752,,,,
546,5,1964,306,810,1120.49,907597,,,,
547,22,3664,323,827,85.565,70762,,,,
548,12,4964,336,840,348.76,292958,,,,
549,6,6664,353,857,44.99,38556,,,,
550,22,8264,369,873,63.5,55436,,,,
551,16,9964,386,890,53.99,48051,,,,
552,6,11264,399,903,121.46,109678,,,,
553,1,12964,416,920,27.12,24950,,,,
554,17,14664,433,937,24.99,23416,,,,
555,7,15964,446,950,80.99,76941,,,,
556,1,17664,463,967,742.35,717852,,,,
557,17,19264,479,983,1700.99,1672073,,,,
558,1,1,1,11,1.6,18,,,,
559,13,1300,13,13,64.8,842,,,,
560,7,3000,30,30,418.8,12564,,,,
561,1,4700,47,47,441.6,20755,,,,
562,14,6000,60,60,152.4,9144,,,,
563,8,7700,77,77,636.8,49034,,,,
564,21,9000,90,90,0,0,,,,
565,15,10700,107,107,85.6,9159,,,,
566,8,12300,123,123,177.6,21845,,,,
567,2,14000,140,140,829.8,116172,,,,
568,15,15300,153,153,0,0,,,,
569,9,17000,170,170,196.4,33388,,,,
570,3,18700,187,187,133.34,24935,,,,
571,16,241,200,200,843.2,168640,,,,
572,10,1941,217,217,8.99,1951,,,,
573,3,3541,233,233,337.22,78572,,,,
574,20,5241,250,250,1349.6,337400,,,,
575,10,6541,263,263,1457.99,383451,,,,
576,4,8241,280,280,3374.99,944997,,,,
577,21,9941,297,297,2443.35,725675,,,,
578,11,11241,310,310,34.2,10602,,,,
579,5,12941,327,327,594.83,194509,,,,
580,18,14241,340,340,594.83,202242,,,,
581,12,15941,357,357,74.99,26771,,,,
582,5,17541,373,373,69.99,26106,,,,
583,22,19241,390,390,1003.91,391525,,,,
584,12,782,403,403,333.42,134368,,,,
585,6,2482,420,420,39.14,16439,,,,
586,1,4182,437,437,24.99,10921,,,,
587,13,5482,450,450,91.49,41171,,,,
588,7,7182,467,467,742.35,346677,,,,
589,1,8782,483,483,742.35,358555,,,,
590,17,10482,500,500,101.24,50620,,,,
591,7,11782,9,513,0,0,,,,
592,1,13482,26,530,0,0,,,,
593,18,15182,43,547,72.8,39822,,,,
594,8,16482,56,560,75.4,42224,,,,
595,2,18182,73,577,472.8,272806,,,,
596,15,19482,86,590,0,0,,,,
597,9,1423,103,607,169.6,102947,,,,
598,2,3023,119,623,88,54824,,,,
599,19,4723,136,640,548.4,350976,,,,
600,9,6023,149,653,564,368292,,,,
601,3,7723,166,670,389.6,261032,,,,
602,20,9423,183,687,306,210222,,,,
603,10,10723,196,700,418.4,292880,,,,
604,4,12423,213,717,34.99,25088,,,,
605,20,14023,229,733,337.22,247182,,,,
606,14,15723,246,750,1364.5,1023375,,,,
607,4,17023,259,763,1457.99,1112446,,,,
608,21,18723,276,780,3399.99,2651992,,,,
609,15,664,293,797,1079.99,860752,,,,
610,5,1964,306,810,1120.49,907597,,,,
611,22,3664,323,827,85.565,70762,,,,
612,12,4964,336,840,348.76,292958,,,,
613,6,6664,353,857,44.99,38556,,,,
614,22,8264,369,873,63.5,55436,,,,
615,16,9964,386,890,53.99,48051,,,,
616,6,11264,399,903,121.46,109678,,,,
617,1,12964,416,920,27.12,24950,,,,
618,17,14664,433,937,24.99,23416,,,,
619,7,15964,446,950,80.99,76941,,,,
620,1,17664,463,967,742.35,717852,,,,
621,17,19264,479,983,1700.99,1672073,,,,
622,1,1,1,11,1.6,18,,,,
623,13,1300,13,13,64.8,842,,,,
624,7,3000,30,30,418.8,12564,,,,
625,1,4700,47,47,441.6,20755,,,,
626,14,6000,60,60,152.4,9144,,,,
627,8,7700,77,77,636.8,49034,,,,
628,21,9000,90,90,0,0,,,,
629,15,10700,107,107,85.6,9159,,,,
630,8,12300,123,123,177.6,21845,,,,
631,2,14000,140,140,829.8,116172,,,,
632,15,15300,153,153,0,0,,,,
633,9,17000,170,170,196.4,33388,,,,
634,3,18700,187,187,133.34,24935,,,,
635,16,241,200,200,843.2,168640,,,,
636,10,1941,217,217,8.99,1951,,,,
637,3,3541,233,233,337.22,78572,,,,
638,20,5241,250,250,1349.6,337400,,,,
639,10,6541,263,263,1457.99,383451,,,,
640,4,8241,280,280,3374.99,944997,,,,
641,21,9941,297,297,2443.35,725675,,,,
642,11,11241,310,310,34.2,10602,,,,
643,5,12941,327,327,594.83,194509,,,,
644,18,14241,340,340,594.83,202242,,,,
645,12,15941,357,357,74.99,26771,,,,
646,5,17541,373,373,69.99,26106,,,,
647,22,19241,390,390,1003.91,391525,,,,
648,12,782,403,403,333.42,134368,,,,
649,6,2482,420,420,39.14,16439,,,,
650,1,4182,437,437,24.99,10921,,,,
651,13,5482,450,450,91.49,41171,,,,
652,7,7182,467,467,742.35,346677,,,,
653,1,8782,483,483,742.35,358555,,,,
654,17,10482,500,500,101.24,50620,,,,
655,7,11782,9,513,0,0,,,,
656,1,13482,26,530,0,0,,,,
657,18,15182,43,547,72.8,39822,,,,
658,8,16482,56,560,75.4,42224,,,,
659,2,18182,73,577,472.8,272806,,,,
660,15,19482,86,590,0,0,,,,
661,9,1423,103,607,169.6,102947,,,,
662,2,3023,119,623,88,54824,,,,
663,19,4723,136,640,548.4,350976,,,,
664,9,6023,149,653,564,368292,,,,
665,3,7723,166,670,389.6,261032,,,,
666,20,9423,183,687,306,210222,,,,
667,10,10723,196,700,418.4,292880,,,,
668,4,12423,213,717,34.99,25088,,,,
669,20,14023,229,733,337.22,247182,,,,
670,14,15723,246,750,1364.5,1023375,,,,
671,4,17023,259,763,1457.99,1112446,,,,
672,21,18723,276,780,3399.99,2651992,,,,
673,15,664,293,797,1079.99,860752,,,,
674,5,1964,306,810,1120.49,907597,,,,
675,22,3664,323,827,85.565,70762,,,,
676,12,4964,336,840,348.76,292958,,,,
677,6,6664,353,857,44.99,38556,,,,
678,22,8264,369,873,63.5,55436,,,,
679,16,9964,386,890,53.99,48051,,,,
680,6,11264,399,903,121.46,109678,,,,
681,1,12964,416,920,27.12,24950,,,,
682,17,14664,433,937,24.99,23416,,,,
683,7,15964,446,950,80.99,76941,,,,
684,1,17664,463,967,742.35,717852,,,,
685,17,19264,479,983,1700.99,1672073,,,,
686,1,1,1,11,1.6,18,,,,
687,13,1300,13,13,64.8,842,,,,
688,7,3000,30,30,418.8,12564,,,,
689,1,4700,47,47,441.6,20755,,,,
690,14,6000,60,60,152.4,9144,,,,
691,8,7700,77,77,636.8,49034,,,,
692,21,9000,90,90,0,0,,,,
693,15,10700,107,107,85.6,9159,,,,
694,8,12300,123,123,177.6,21845,,,,
695,2,14000,140,140,829.8,116172,,,,
696,15,15300,153,153,0,0,,,,
697,9,17000,170,170,196.4,33388,,,,
698,3,18700,187,187,133.34,24935,,,,
699,16,241,200,200,843.2,168640,,,,
700,10,1941,217,217,8.99,1951,,,,
701,3,3541,233,233,337.22,78572,,,,
702,20,5241,250,250,1349.6,337400,,,,
703,10,6541,263,263,1457.99,383451,,,,
704,4,8241,280,280,3374.99,944997,,,,
705,21,9941,297,297,2443.35,725675,,,,
706,11,11241,310,310,34.2,10602,,,,
707,5,12941,327,327,594.83,194509,,,,
708,18,14241,340,340,594.83,202242,,,,
709,12,15941,357,357,74.99,26771,,,,
710,5,17541,373,373,69.99,26106,,,,
711,22,19241,390,390,1003.91,391525,,,,
712,12,782,403,403,333.42,134368,,,,
713,6,2482,420,420,39.14,16439,,,,
714,1,4182,437,437,24.99,10921,,,,
715,13,5482,450,450,91.49,41171,,,,
716,7,7182,467,467,742.35,346677,,,,
717,1,8782,483,483,742.35,358555,,,,
718,17,10482,500,500,101.24,50620,,,,
719,7,11782,9,513,0,0,,,,
720,1,13482,26,530,0,0,,,,
721,18,15182,43,547,72.8,39822,,,,
722,8,16482,56,560,75.4,42224,,,,
723,2,18182,73,577,472.8,272806,,,,
724,15,19482,86,590,0,0,,,,
725,9,1423,103,607,169.6,102947,,,,
726,2,3023,119,623,88,54824,,,,
727,19,4723,136,640,548.4,350976,,,,
728,9,6023,149,653,564,368292,,,,
729,3,7723,166,670,389.6,261032,,,,
730,20,9423,183,687,306,210222,,,,
731,10,10723,196,700,418.4,292880,,,,
732,4,12423,213,717,34.99,25088,,,,
733,20,14023,229,733,337.22,247182,,,,
734,14,15723,246,750,1364.5,1023375,,,,
735,4,17023,259,763,1457.99,1112446,,,,
736,21,18723,276,780,3399.99,2651992,,,,
737,15,664,293,797,1079.99,860752,,,,
738,5,1964,306,810,1120.49,907597,,,,
739,22,3664,323,827,85.565,70762,,,,
740,12,4964,336,840,348.76,292958,,,,
741,6,6664,353,857,44.99,38556,,,,
742,22,8264,369,873,63.5,55436,,,,
743,16,9964,386,890,53.99,48051,,,,
744,6,11264,399,903,121.46,109678,,,,
745,1,12964,416,920,27.12,24950,,,,
746,17,14664,433,937,24.99,23416,,,,
747,7,15964,446,950,80.99,76941,,,,
748,1,17664,463,967,742.35,717852,,,,
749,17,19264,479,983,1700.99,1672073,,,,
750,1,1,1,11,1.6,18,,,,
751,13,1300,13,13,64.8,842,,,,
752,7,3000,30,30,418.8,12564,,,,
753,1,4700,47,47,441.6,20755,,,,
754,14,6000,60,60,152.4,9144,,,,
755,8,7700,77,77,636.8,49034,,,,
756,21,9000,90,90,0,0,,,,
757,15,10700,107,107,85.6,9159,,,,
758,8,12300,123,123,177.6,21845,,,,
759,2,14000,140,140,829.8,116172,,,,
760,15,15300,153,153,0,0,,,,
761,9,17000,170,170,196.4,33388,,,,
762,3,18700,187,187,133.34,24935,,,,
763,16,241,200,200,843.2,168640,,,,
764,10,1941,217,217,8.99,1951,,,,
765,3,3541,233,233,337.22,78572,,,,
766,20,5241,250,250,1349.6,337400,,,,
767,10,6541,263,263,1457.99,383451,,,,
768,4,8241,280,280,3374.99,944997,,,,
769,21,9941,297,297,2443.35,725675,,,,
770,11,11241,310,310,34.2,10602,,,,
771,5,12941,327,327,594.83,194509,,,,
772,18,14241,340,340,594.83,202242,,,,
773,12,15941,357,357,74.99,26771,,,,
774,5,17541,373,373,69.99,26106,,,,
775,22,19241,390,390,1003.91,391525,,,,
776,12,782,403,403,333.42,134368,,,,
777,6,2482,420,420,39.14,16439,,,,
778,1,4182,437,437,24.99,10921,,,,
779,13,5482,450,450,91.49,41171,,,,
780,7,7182,467,467,742.35,346677,,,,
781,1,8782,483,483,742.35,358555,,,,
782,17,10482,500,500,101.24,50620,,,,
783,7,11782,9,513,0,0,,,,
784,1,13482,26,530,0,0,,,,
785,18,15182,43,547,72.8,39822,,,,
786,8,16482,56,560,75.4,42224,,,,
787,2,18182,73,577,472.8,272806,,,,
788,15,19482,86,590,0,0,,,,
789,9,1423,103,607,169.6,102947,,,,
790,2,3023,119,623,88,54824,,,,
791,19,4723,136,640,548.4,350976,,,,
792,9,6023,149,653,564,368292,,,,
793,3,7723,166,670,389.6,261032,,,,
794,20,9423,183,687,306,210222,,,,
795,10,10723,196,700,418.4,292880,,,,
796,4,12423,213,717,34.99,25088,,,,
797,20,14023,229,733,337.22,247182,,,,
798,14,15723,246,750,1364.5,1023375,,,,
799,4,17023,259,763,1457.99,1112446,,,,
800,21,18723,276,780,3399.99,2651992,,,,
801,15,664,293,797,1079.99,860752,,,,
802,5,1964,306,810,1120.49,907597,,,,
803,22,3664,323,827,85.565,70762,,,,
804,12,4964,336,840,348.76,292958,,,,
805,6,6664,353,857,44.99,38556,,,,
806,22,8264,369,873,63.5,55436,,,,
807,16,9964,386,890,53.99,48051,,,,
808,6,11264,399,903,121.46,109678,,,,
809,1,12964,416,920,27.12,24950,,,,
810,17,14664,433,937,24.99,23416,,,,
811,7,15964,446,950,80.99,76941,,,,
812,1,17664,463,967,742.35,717852,,,,
813,17,19264,479,983,1700.99,1672073,,,,
814,1,1,1,11,1.6,18,,,,
815,13,1300,13,13,64.8,842,,,,
816,7,3000,30,30,418.8,12564,,,,
817,1,4700,47,47,441.6,20755,,,,
818,14,6000,60,60,152.4,9144,,,,
819,8,7700,77,77,636.8,49034,,,,
820,21,9000,90,90,0,0,,,,
821,15,10700,107,107,85.6,9159,,,,
822,8,12300,123,123,177.6,21845,,,,
823,2,14000,140,140,829.8,116172,,,,
824,15,15300,153,153,0,0,,,,
825,9,17000,170,170,196.4,33388,,,,
826,3,18700,187,187,133.34,24935,,,,
827,16,241,200,200,843.2,168640,,,,
828,10,1941,217,217,8.99,1951,,,,
829,3,3541,233,233,337.22,78572,,,,
830,20,5241,250,250,1349.6,337400,,,,
831,10,6541,263,263,1457.99,383451,,,,
832,4,8241,280,280,3374.99,944997,,,,
833,21,9941,297,297,2443.35,725675,,,,
834,11,11241,310,310,34.2,10602,,,,
835,5,12941,327,327,594.83,194509,,,,
836,18,14241,340,340,594.83,202242,,,,
837,12,15941,357,357,74.99,26771,,,,
838,5,17541,373,373,69.99,26106,,,,
839,22,19241,390,390,1003.91,391525,,,,
840,12,782,403,403,333.42,134368,,,,
841,6,2482,420,420,39.14,16439,,,,
842,1,4182,437,437,24.99,10921,,,,
843,13,5482,450,450,91.49,41171,,,,
844,7,7182,467,467,742.35,346677,,,,
845,1,8782,483,483,742.35,358555,,,,
846,17,10482,500,500,101.24,50620,,,,
847,7,11782,9,513,0,0,,,,
848,1,13482,26,530,0,0,,,,
849,18,15182,43,547,72.8,39822,,,,
850,8,16482,56,560,75.4,42224,,,,
851,2,18182,73,577,472.8,272806,,,,
852,15,19482,86,590,0,0,,,,
853,9,1423,103,607,169.6,102947,,,,
854,2,3023,119,623,88,54824,,,,
855,19,4723,136,640,548.4,350976,,,,
856,9,6023,149,653,564,368292,,,,
857,20,9423,183,687,306,210222,,,,
858,4,12423,213,717,34.99,25088,,,,
859,14,15723,246,750,1364.5,1023375,,,,
860,21,18723,276,780,3399.99,2651992,,,,
861,5,1964,306,810,1120.49,907597,,,,
862,12,4964,336,840,348.76,292958,,,,
863,22,8264,369,873,63.5,55436,,,,
864,1,12964,416,920,27.12,24950,,,,
865,7,15964,446,950,80.99,76941,,,,
866,1,17664,463,967,742.35,717852,,,,
867,17,19264,479,983,1700.99,1672073,,,,
868,1,1,1,11,1.6,18,,,,
869,13,1300,13,13,64.8,842,,,,
870,7,3000,30,30,418.8,12564,,,,
871,1,4700,47,47,441.6,20755,,,,
872,14,6000,60,60,152.4,9144,,,,
873,8,7700,77,77,636.8,49034,,,,
874,21,9000,90,90,0,0,,,,
875,15,10700,107,107,85.6,9159,,,,
876,8,12300,123,123,177.6,21845,,,,
877,2,14000,140,140,829.8,116172,,,,
878,15,15300,153,153,0,0,,,,
879,9,17000,170,170,196.4,33388,,,,
880,3,18700,187,187,133.34,24935,,,,
881,16,241,200,200,843.2,168640,,,,
882,10,1941,217,217,8.99,1951,,,,
883,3,3541,233,233,337.22,78572,,,,
884,20,5241,250,250,1349.6,337400,,,,
885,10,6541,263,263,1457.99,383451,,,,
886,4,8241,280,280,3374.99,944997,,,,
887,21,9941,297,297,2443.35,725675,,,,
888,11,11241,310,310,34.2,10602,,,,
889,5,12941,327,327,594.83,194509,,,,
890,18,14241,340,340,594.83,202242,,,,
891,12,15941,357,357,74.99,26771,,,,
892,5,17541,373,373,69.99,26106,,,,
893,22,19241,390,390,1003.91,391525,,,,
894,12,782,403,403,333.42,134368,,,,
895,6,2482,420,420,39.14,16439,,,,
896,1,4182,437,437,24.99,10921,,,,
897,13,5482,450,450,91.49,41171,,,,
898,7,7182,467,467,742.35,346677,,,,
899,1,8782,483,483,742.35,358555,,,,
900,17,10482,500,500,101.24,50620,,,,
901,7,11782,9,513,0,0,,,,
902,1,13482,26,530,0,0,,,,
903,18,15182,43,547,72.8,39822,,,,
904,8,16482,56,560,75.4,42224,,,,
905,2,18182,73,577,472.8,272806,,,,
906,15,19482,86,590,0,0,,,,
907,9,1423,103,607,169.6,102947,,,,
908,2,3023,119,623,88,54824,,,,
909,19,4723,136,640,548.4,350976,,,,
910,9,6023,149,653,564,368292,,,,
911,3,7723,166,670,389.6,261032,,,,
912,20,9423,183,687,306,210222,,,,
913,10,10723,196,700,418.4,292880,,,,
914,4,12423,213,717,34.99,25088,,,,
915,20,14023,229,733,337.22,247182,,,,
916,14,15723,246,750,1364.5,1023375,,,,
917,4,17023,259,763,1457.99,1112446,,,,
918,21,18723,276,780,3399.99,2651992,,,,
919,15,664,293,797,1079.99,860752,,,,
920,5,1964,306,810,1120.49,907597,,,,
921,22,3664,323,827,85.565,70762,,,,
922,12,4964,336,840,348.76,292958,,,,
923,6,6664,353,857,44.99,38556,,,,
924,22,8264,369,873,63.5,55436,,,,
925,16,9964,386,890,53.99,48051,,,,
926,6,11264,399,903,121.46,109678,,,,
927,1,12964,416,920,27.12,24950,,,,
928,17,14664,433,937,24.99,23416,,,,
929,7,15964,446,950,80.99,76941,,,,
930,1,17664,463,967,742.35,717852,,,,
931,17,19264,479,983,1700.99,1672073,,,,
932,1,1,1,11,1.6,18,,,,
933,13,1300,13,13,64.8,842,,,,
934,7,3000,30,30,418.8,12564,,,,
935,1,4700,47,47,441.6,20755,,,,
936,14,6000,60,60,152.4,9144,,,,
937,8,7700,77,77,636.8,49034,,,,
938,21,9000,90,90,0,0,,,,
939,15,10700,107,107,85.6,9159,,,,
940,8,12300,123,123,177.6,21845,,,,
941,2,14000,140,140,829.8,116172,,,,
942,15,15300,153,153,0,0,,,,
943,9,17000,170,170,196.4,33388,,,,
944,3,18700,187,187,133.34,24935,,,,
945,16,241,200,200,843.2,168640,,,,
946,10,1941,217,217,8.99,1951,,,,
947,3,3541,233,233,337.22,78572,,,,
948,20,5241,250,250,1349.6,337400,,,,
949,10,6541,263,263,1457.99,383451,,,,
950,4,8241,280,280,3374.99,944997,,,,
951,21,9941,297,297,2443.35,725675,,,,
952,11,11241,310,310,34.2,10602,,,,
953,5,12941,327,327,594.83,194509,,,,
954,18,14241,340,340,594.83,202242,,,,
955,12,15941,357,357,74.99,26771,,,,
956,5,17541,373,373,69.99,26106,,,,
957,22,19241,390,390,1003.91,391525,,,,
958,12,782,403,403,333.42,134368,,,,
959,6,2482,420,420,39.14,16439,,,,
960,1,4182,437,437,24.99,10921,,,,
961,13,5482,450,450,91.49,41171,,,,
962,7,7182,467,467,742.35,346677,,,,
963,1,8782,483,483,742.35,358555,,,,
964,17,10482,500,500,101.24,50620,,,,
965,7,11782,9,513,0,0,,,,
966,1,13482,26,530,0,0,,,,
967,18,15182,43,547,72.8,39822,,,,
968,8,16482,56,560,75.4,42224,,,,
969,2,18182,73,577,472.8,272806,,,,
970,15,19482,86,590,0,0,,,,
971,9,1423,103,607,169.6,102947,,,,
972,2,3023,119,623,88,54824,,,,
973,19,4723,136,640,548.4,350976,,,,
974,9,6023,149,653,564,368292,,,,
975,3,7723,166,670,389.6,261032,,,,
976,20,9423,183,687,306,210222,,,,
977,10,10723,196,700,418.4,292880,,,,
978,4,12423,213,717,34.99,25088,,,,
979,20,14023,229,733,337.22,247182,,,,
980,14,15723,246,750,1364.5,1023375,,,,
981,4,17023,259,763,1457.99,1112446,,,,
982,21,18723,276,780,3399.99,2651992,,,,
983,15,664,293,797,1079.99,860752,,,,
984,5,1964,306,810,1120.49,907597,,,,
985,22,3664,323,827,85.565,70762,,,,
986,12,4964,336,840,348.76,292958,,,,
987,6,6664,353,857,44.99,38556,,,,
988,22,8264,369,873,63.5,55436,,,,
989,16,9964,386,890,53.99,48051,,,,
990,6,11264,399,903,121.46,109678,,,,
991,1,12964,416,920,27.12,24950,,,,
992,17,14664,433,937,24.99,23416,,,,
993,7,15964,446,950,80.99,76941,,,,
994,1,17664,463,967,742.35,717852,,,,
995,17,19264,479,983,1700.99,1672073,,,,
996,1,1,1,11,1.6,18,,,,
997,13,1300,13,13,64.8,842,,,,
998,7,3000,30,30,418.8,12564,,,,
999,1,4700,47,47,441.6,20755,,,,
1000,14,6000,60,60,152.4,9144,,,,